{
    "Politics": {
        "ilaito_": {
            "Politics": 0.0,
            "Technology": 0.0,
            "Feminism": 0.0,
            "Health": 0.0
        },
        "ReikiLisol": {
            "Politics": 0.1725,
            "Technology": 0.13,
            "Feminism": 0.1575,
            "Health": 0.0
        }
    },
    "Technology": {
        "jchernandezqui2": {
            "Politics": 0.0525,
            "Technology": 0.13,
            "Feminism": 0.125,
            "Health": 0.0
        },
        "MujeresFemBot": {
            "Politics": 0.40384615384615385,
            "Technology": 1.0,
            "Feminism": 0.9615384615384616,
            "Health": 0.0
        },
        "ParenElPlaneta": {
            "Politics": 0.0525,
            "Technology": 0.13,
            "Feminism": 0.125,
            "Health": 0.0
        },
        "ZonaSegPuebla": {
            "Politics": 0.0525,
            "Technology": 0.13,
            "Feminism": 0.125,
            "Health": 0.0
        },
        "ogunte": {
            "Politics": 0.0125,
            "Technology": 0.13,
            "Feminism": 0.115,
            "Health": 0.0
        },
        "Jesus_Silva_R": {
            "Politics": 0.105,
            "Technology": 0.260,
            "Feminism": 0.250,
            "Health": 0.0
        },
        "carmenk18": {
            "Politics": 0.06265664160401002,
            "Technology": 0.13032581453634084,
            "Feminism": 0.12531328320802004,
            "Health": 0.0
        },
        "MasculinismoEsp": {
            "Politics": 0.0125,
            "Technology": 0.13,
            "Feminism": 0.115,
            "Health": 0.0
        },
        "DominemoslasTIC": {
            "Politics": 0.0,
            "Technology": 0.125,
            "Feminism": 0.115,
            "Health": 0.0
        },
        "Callejabmary": {
            "Politics": 0.012531328320802004,
            "Technology": 0.12531328320802004,
            "Feminism": 0.11528822055137844,
            "Health": 0.0
        },
        "mujerporlapaz": {
            "Politics": 0.0175,
            "Technology": 0.13,
            "Feminism": 0.125,
            "Health": 0.0
        },
        "DuroBelinda": {
            "Politics": 0.017543859649122806,
            "Technology": 0.13032581453634084,
            "Feminism": 0.12531328320802004,
            "Health": 0.0
        },
        "Machitsen": {
            "Politics": 0.0175,
            "Technology": 0.13,
            "Feminism": 0.125,
            "Health": 0.0
        },
        "visionmxli": {
            "Politics": 0.0532994923857868,
            "Technology": 0.1319796954314721,
            "Feminism": 0.12690355329949238,
            "Health": 0.0
        },
        "MomoDice": {
            "Politics": 0.05263157894736842,
            "Technology": 0.13032581453634084,
            "Feminism": 0.12531328320802004,
            "Health": 0.0
        },
        "O_edipus": {
            "Politics": 0.0,
            "Technology": 0.125,
            "Feminism": 0.115,
            "Health": 0.0
        },
        "VenancioGalan": {
            "Politics": 0.0125,
            "Technology": 0.13,
            "Feminism": 0.115,
            "Health": 0.0
        },
        "Earwen_lr": {
            "Politics": 0.0525,
            "Technology": 0.13,
            "Feminism": 0.125,
            "Health": 0.0
        }
    },
    "Feminism": {
        "JoZurBay": {
            "Politics": 0.085,
            "Technology": 0.13,
            "Feminism": 0.1575,
            "Health": 0.0
        },
        "NOmasVG": {
            "Politics": 0.0625,
            "Technology": 0.13,
            "Feminism": 0.8475,
            "Health": 0.0
        },
        "Mujeres__Fem": {
            "Politics": 0.24285714285714285,
            "Technology": 0.37142857142857144,
            "Feminism": 0.45,
            "Health": 0.0
        },
        "AinhoaEzquiaga": {
            "Politics": 0.08564231738035265,
            "Technology": 0.1309823677581864,
            "Feminism": 0.15869017632241814,
            "Health": 0.0
        },
        "Ana_Bunker": {
            "Politics": 0.085,
            "Technology": 0.13,
            "Feminism": 0.8475,
            "Health": 0.0
        },
        "FRIDAfund": {
            "Politics": 0.0625,
            "Technology": 0.13,
            "Feminism": 0.8475,
            "Health": 0.0
        },
        "generoUPN": {
            "Politics": 0.1297071129707113,
            "Technology": 0.2175732217573222,
            "Feminism": 0.26359832635983266,
            "Health": 0.0
        },
        "sinfucio13": {
            "Politics": 0.085,
            "Technology": 0.13,
            "Feminism": 0.8475,
            "Health": 0.0
        }
    }
}